{"0": {"precision": 0.36363636363636365, "recall": 1.0, "f1-score": 0.5333333333333333, "support": 4.0}, "1": {"precision": 0.0, "recall": 0.0, "f1-score": 0.0, "support": 4.0}, "2": {"precision": 0.0, "recall": 0.0, "f1-score": 0.0, "support": 4.0}, "accuracy": 0.3333333333333333, "macro avg": {"precision": 0.12121212121212122, "recall": 0.3333333333333333, "f1-score": 0.17777777777777778, "support": 12.0}, "weighted avg": {"precision": 0.12121212121212122, "recall": 0.3333333333333333, "f1-score": 0.17777777777777778, "support": 12.0}}