{"0": {"precision": 0.4444444444444444, "recall": 1.0, "f1-score": 0.6153846153846153, "support": 4.0}, "1": {"precision": 0.5, "recall": 0.25, "f1-score": 0.3333333333333333, "support": 4.0}, "2": {"precision": 0.0, "recall": 0.0, "f1-score": 0.0, "support": 4.0}, "accuracy": 0.4166666666666667, "macro avg": {"precision": 0.3148148148148148, "recall": 0.4166666666666667, "f1-score": 0.3162393162393162, "support": 12.0}, "weighted avg": {"precision": 0.3148148148148148, "recall": 0.4166666666666667, "f1-score": 0.3162393162393162, "support": 12.0}}