{"0": {"precision": 0.5714285714285714, "recall": 1.0, "f1-score": 0.7272727272727273, "support": 4.0}, "1": {"precision": 0.4, "recall": 0.5, "f1-score": 0.4444444444444445, "support": 4.0}, "2": {"precision": 0.0, "recall": 0.0, "f1-score": 0.0, "support": 4.0}, "accuracy": 0.5, "macro avg": {"precision": 0.3238095238095238, "recall": 0.5, "f1-score": 0.39057239057239057, "support": 12.0}, "weighted avg": {"precision": 0.3238095238095238, "recall": 0.5, "f1-score": 0.39057239057239057, "support": 12.0}}