epoch,categorical_accuracy,f1_score,loss,val_categorical_accuracy,val_f1_score,val_loss
0,0.557539701461792,0.5500357747077942,1.0180062055587769,NA,NA,NA
1,0.6908730268478394,0.6759807467460632,0.8102163076400757,NA,NA,NA
2,0.7309523820877075,0.7080097198486328,0.768168568611145,NA,NA,NA
3,0.7289682626724243,0.7150389552116394,0.7393382787704468,NA,NA,NA
4,0.7507936358451843,0.7300751805305481,0.7050599455833435,NA,NA,NA
5,0.7428571581840515,0.7212357521057129,0.7014440894126892,NA,NA,NA
6,0.757539689540863,0.733727753162384,0.6854892373085022,NA,NA,NA
7,0.7492063641548157,0.7293242812156677,0.6837614178657532,NA,NA,NA
