epoch,categorical_accuracy,f1_score,loss,top_k_categorical_accuracy,val_categorical_accuracy,val_f1_score,val_loss,val_top_k_categorical_accuracy
0,0.4730158746242523,0.4688626825809479,1.1477245092391968,1.0,0.9139785170555115,0.912241518497467,0.3532918691635132,1.0
1,0.6492063403129578,0.6253859996795654,0.876129150390625,1.0,0.9677419066429138,0.9676662087440491,0.23319953680038452,1.0
2,0.678174614906311,0.6492639183998108,0.8347545862197876,1.0,0.9838709831237793,0.9838614463806152,0.21777066588401794,1.0
3,0.6892856955528259,0.6571699976921082,0.8302147388458252,1.0,0.9838709831237793,0.9838614463806152,0.198774516582489,1.0
4,0.6976190209388733,0.6692150235176086,0.8195470571517944,1.0,0.9731183052062988,0.9730744957923889,0.22092629969120026,1.0
5,0.723809540271759,0.6954936981201172,0.7966945767402649,1.0,0.975806474685669,0.9757745265960693,0.22621884942054749,1.0
6,0.7178571224212646,0.6848001480102539,0.7947821021080017,1.0,0.975806474685669,0.9757745265960693,0.22077395021915436,1.0
7,0.7285714149475098,0.697958767414093,0.7731133103370667,1.0,0.9704301357269287,0.9703717827796936,0.24903525412082672,1.0
