epoch,categorical_accuracy,f1_score,loss,top_k_categorical_accuracy,val_categorical_accuracy,val_f1_score,val_loss,val_top_k_categorical_accuracy
0,0.015079365111887455,0.03966855630278587,1.2261321544647217,1.0,0.3817204236984253,0.3823767602443695,1.0909020900726318,1.0
1,0.008730159141123295,0.032963383942842484,1.1720004081726074,1.0,0.5967742204666138,0.5701748728752136,1.0846140384674072,1.0
2,0.009126984514296055,0.028298208490014076,1.1434400081634521,1.0,0.42473119497299194,0.3375263214111328,1.0894516706466675,1.0
3,0.009126984514296055,0.029681747779250145,1.127085566520691,1.0,0.34139785170555115,0.18342888355255127,1.0910767316818237,1.0
4,0.01626984216272831,0.03661828115582466,1.1189380884170532,1.0,0.6182795763015747,0.49390700459480286,1.09181809425354,1.0
5,0.01785714365541935,0.03962782397866249,1.1142686605453491,1.0,0.34139785170555115,0.1862526535987854,1.0939260721206665,1.0
6,0.0357142873108387,0.05660572648048401,1.1109776496887207,1.0,0.3790322542190552,0.2504194974899292,1.0949052572250366,1.0
7,0.04047619178891182,0.06291414052248001,1.108499526977539,1.0,0.3655914068222046,0.2293906807899475,1.0949921607971191,1.0
