{"0": {"precision": 0.8, "recall": 1.0, "f1-score": 0.888888888888889, "support": 4.0}, "1": {"precision": 0.8, "recall": 1.0, "f1-score": 0.888888888888889, "support": 4.0}, "2": {"precision": 1.0, "recall": 0.5, "f1-score": 0.6666666666666666, "support": 4.0}, "accuracy": 0.8333333333333334, "macro avg": {"precision": 0.8666666666666667, "recall": 0.8333333333333334, "f1-score": 0.8148148148148149, "support": 12.0}, "weighted avg": {"precision": 0.8666666666666667, "recall": 0.8333333333333334, "f1-score": 0.8148148148148149, "support": 12.0}}