epoch,categorical_accuracy,f1_score,loss,top_k_categorical_accuracy,val_categorical_accuracy,val_f1_score,val_loss,val_top_k_categorical_accuracy
0,0.2869047522544861,0.2969352900981903,1.314673900604248,1.0,0.7123655676841736,0.646575391292572,0.7559875249862671,1.0
1,0.460317462682724,0.46153226494789124,1.021815538406372,1.0,0.9247311949729919,0.9220350384712219,0.3885842561721802,1.0
2,0.5769841074943542,0.5651914477348328,0.916462242603302,1.0,0.9623655676841736,0.9622452855110168,0.24984730780124664,1.0
3,0.6380952596664429,0.6135386824607849,0.8712329864501953,1.0,0.9623655676841736,0.9622452855110168,0.2603915333747864,1.0
4,0.648809552192688,0.6237818598747253,0.8606982827186584,1.0,0.9623655676841736,0.9622452855110168,0.2448423057794571,1.0
5,0.6805555820465088,0.652355432510376,0.8321512937545776,1.0,0.9784946441650391,0.9784722328186035,0.17426037788391113,1.0
6,0.6829364895820618,0.6544067859649658,0.8322145342826843,1.0,0.9811828136444092,0.9811677932739258,0.21328243613243103,1.0
7,0.7067460417747498,0.6726045608520508,0.7996528744697571,1.0,0.9516128897666931,0.9513566493988037,0.2932850420475006,1.0
