epoch,categorical_accuracy,f1_score,loss,top_k_categorical_accuracy,val_categorical_accuracy,val_f1_score,val_loss,val_top_k_categorical_accuracy
0,0.43214285373687744,0.4271126687526703,1.1807138919830322,1.0,0.9516128897666931,0.9505764842033386,0.3499421179294586,1.0
1,0.6357142925262451,0.615626335144043,0.8985446691513062,1.0,0.9569892287254333,0.9564246535301208,0.28479284048080444,1.0
2,0.6861110925674438,0.6554467082023621,0.8488584756851196,1.0,0.9516128897666931,0.9513566493988037,0.25170302391052246,1.0
3,0.6829364895820618,0.6550393104553223,0.8520739078521729,1.0,0.9677419066429138,0.9676662087440491,0.25192874670028687,1.0
4,0.7083333134651184,0.6739449501037598,0.818398118019104,1.0,0.9704301357269287,0.9703717827796936,0.21617724001407623,1.0
5,0.7103174328804016,0.6848926544189453,0.8096657395362854,1.0,0.9838709831237793,0.9838614463806152,0.20553502440452576,1.0
6,0.7035714387893677,0.672109842300415,0.8072129487991333,1.0,0.9677419066429138,0.9676662087440491,0.20783957839012146,1.0
7,0.7174603343009949,0.6834399104118347,0.7955339550971985,1.0,0.9811828136444092,0.9811677932739258,0.22549957036972046,1.0
