epoch,categorical_accuracy,f1_score,loss,val_categorical_accuracy,val_f1_score,val_loss
0,0.3761904835700989,0.3762388527393341,1.0865706205368042,NA,NA,NA
1,0.5269841551780701,0.5196733474731445,1.040300965309143,NA,NA,NA
2,0.6234126687049866,0.600834846496582,0.9677248001098633,NA,NA,NA
3,0.6555555462837219,0.6331949830055237,0.8928757309913635,NA,NA,NA
4,0.6702380776405334,0.6490568518638611,0.8387115001678467,NA,NA,NA
5,0.688095211982727,0.6655367016792297,0.8080715537071228,NA,NA,NA
6,0.7039682269096375,0.6778257489204407,0.7857386469841003,NA,NA,NA
7,0.7130952477455139,0.690307080745697,0.7655203938484192,NA,NA,NA
