{"0": {"precision": 0.4444444444444444, "recall": 1.0, "f1-score": 0.6153846153846153, "support": 4.0}, "1": {"precision": 1.0, "recall": 0.25, "f1-score": 0.4, "support": 4.0}, "2": {"precision": 1.0, "recall": 0.5, "f1-score": 0.6666666666666666, "support": 4.0}, "accuracy": 0.5833333333333334, "macro avg": {"precision": 0.8148148148148149, "recall": 0.5833333333333334, "f1-score": 0.5606837606837606, "support": 12.0}, "weighted avg": {"precision": 0.8148148148148149, "recall": 0.5833333333333334, "f1-score": 0.5606837606837606, "support": 12.0}}