{"0": {"precision": 0.42857142857142855, "recall": 0.75, "f1-score": 0.5454545454545454, "support": 4.0}, "1": {"precision": 0.0, "recall": 0.0, "f1-score": 0.0, "support": 4.0}, "2": {"precision": 0.0, "recall": 0.0, "f1-score": 0.0, "support": 4.0}, "accuracy": 0.25, "macro avg": {"precision": 0.14285714285714285, "recall": 0.25, "f1-score": 0.1818181818181818, "support": 12.0}, "weighted avg": {"precision": 0.14285714285714285, "recall": 0.25, "f1-score": 0.1818181818181818, "support": 12.0}}