{"0": {"precision": 0.375, "recall": 0.75, "f1-score": 0.5, "support": 4.0}, "1": {"precision": 0.3333333333333333, "recall": 0.25, "f1-score": 0.28571428571428575, "support": 4.0}, "2": {"precision": 0.0, "recall": 0.0, "f1-score": 0.0, "support": 4.0}, "accuracy": 0.3333333333333333, "macro avg": {"precision": 0.23611111111111108, "recall": 0.3333333333333333, "f1-score": 0.2619047619047619, "support": 12.0}, "weighted avg": {"precision": 0.23611111111111108, "recall": 0.3333333333333333, "f1-score": 0.2619047619047619, "support": 12.0}}