{"0": {"precision": 0.42857142857142855, "recall": 0.75, "f1-score": 0.5454545454545454, "support": 4.0}, "1": {"precision": 0.25, "recall": 0.25, "f1-score": 0.25, "support": 4.0}, "2": {"precision": 0.0, "recall": 0.0, "f1-score": 0.0, "support": 4.0}, "accuracy": 0.3333333333333333, "macro avg": {"precision": 0.2261904761904762, "recall": 0.3333333333333333, "f1-score": 0.26515151515151514, "support": 12.0}, "weighted avg": {"precision": 0.2261904761904762, "recall": 0.3333333333333333, "f1-score": 0.26515151515151514, "support": 12.0}}