{"0": {"precision": 1.0, "recall": 0.75, "f1-score": 0.8571428571428571, "support": 4.0}, "1": {"precision": 0.0, "recall": 0.0, "f1-score": 0.0, "support": 4.0}, "2": {"precision": 0.4444444444444444, "recall": 1.0, "f1-score": 0.6153846153846153, "support": 4.0}, "accuracy": 0.5833333333333334, "macro avg": {"precision": 0.48148148148148145, "recall": 0.5833333333333334, "f1-score": 0.4908424908424908, "support": 12.0}, "weighted avg": {"precision": 0.48148148148148145, "recall": 0.5833333333333334, "f1-score": 0.4908424908424908, "support": 12.0}}