{"0": {"precision": 1.0, "recall": 0.25, "f1-score": 0.4, "support": 4.0}, "1": {"precision": 0.0, "recall": 0.0, "f1-score": 0.0, "support": 4.0}, "2": {"precision": 0.36363636363636365, "recall": 1.0, "f1-score": 0.5333333333333333, "support": 4.0}, "accuracy": 0.4166666666666667, "macro avg": {"precision": 0.4545454545454546, "recall": 0.4166666666666667, "f1-score": 0.3111111111111111, "support": 12.0}, "weighted avg": {"precision": 0.4545454545454546, "recall": 0.4166666666666667, "f1-score": 0.3111111111111111, "support": 12.0}}