{"0": {"precision": 1.0, "recall": 0.5, "f1-score": 0.6666666666666666, "support": 4.0}, "1": {"precision": 0.0, "recall": 0.0, "f1-score": 0.0, "support": 4.0}, "2": {"precision": 0.4, "recall": 1.0, "f1-score": 0.5714285714285715, "support": 4.0}, "accuracy": 0.5, "macro avg": {"precision": 0.4666666666666666, "recall": 0.5, "f1-score": 0.41269841269841273, "support": 12.0}, "weighted avg": {"precision": 0.4666666666666666, "recall": 0.5, "f1-score": 0.41269841269841273, "support": 12.0}}