{"0": {"precision": 0.0, "recall": 0.0, "f1-score": 0.0, "support": 4.0}, "1": {"precision": 0.0, "recall": 0.0, "f1-score": 0.0, "support": 4.0}, "2": {"precision": 0.2727272727272727, "recall": 0.75, "f1-score": 0.39999999999999997, "support": 4.0}, "accuracy": 0.25, "macro avg": {"precision": 0.0909090909090909, "recall": 0.25, "f1-score": 0.13333333333333333, "support": 12.0}, "weighted avg": {"precision": 0.0909090909090909, "recall": 0.25, "f1-score": 0.13333333333333333, "support": 12.0}}