epoch,categorical_accuracy,f1_score,loss,top_k_categorical_accuracy,val_categorical_accuracy,val_f1_score,val_loss,val_top_k_categorical_accuracy
0,0.3492063581943512,0.35454776883125305,1.276186466217041,1.0,0.9086021780967712,0.9042820930480957,0.5516720414161682,1.0
1,0.5535714030265808,0.5421371459960938,0.9593815207481384,1.0,0.9811828136444092,0.9811677932739258,0.2654309868812561,1.0
2,0.6579365134239197,0.6358795762062073,0.8694527745246887,1.0,0.9650537371635437,0.9649574756622314,0.24103571474552155,1.0
3,0.666269838809967,0.6397730708122253,0.845178484916687,1.0,0.9677419066429138,0.9676662087440491,0.23033103346824646,1.0
4,0.6892856955528259,0.6614729762077332,0.8399636745452881,1.0,0.9704301357269287,0.9703717827796936,0.23726381361484528,1.0
5,0.7003968358039856,0.6688387393951416,0.8267049193382263,1.0,0.9677419066429138,0.9676662087440491,0.21665509045124054,1.0
6,0.6996031999588013,0.6734662055969238,0.8359065651893616,1.0,0.9838709831237793,0.9838614463806152,0.2096974402666092,1.0
7,0.7091270089149475,0.6788651943206787,0.8089196681976318,1.0,0.9704301357269287,0.9703717827796936,0.23238986730575562,1.0
