epoch,categorical_accuracy,f1_score,loss,val_categorical_accuracy,val_f1_score,val_loss
0,0.4496031701564789,0.45044025778770447,1.1309951543807983,NA,NA,NA
1,0.6650793552398682,0.6546029448509216,0.8385047316551208,NA,NA,NA
2,0.7218254208564758,0.6984370350837708,0.7861387729644775,NA,NA,NA
3,0.7265872955322266,0.7030224800109863,0.7651500701904297,NA,NA,NA
4,0.7293650507926941,0.7105061411857605,0.7446691989898682,NA,NA,NA
5,0.7285714149475098,0.7055168747901917,0.7495461702346802,NA,NA,NA
