epoch,categorical_accuracy,f1_score,loss,top_k_categorical_accuracy,val_categorical_accuracy,val_f1_score,val_loss,val_top_k_categorical_accuracy
0,0.3146825432777405,0.32184839248657227,1.299042820930481,1.0,0.9193548560142517,0.9161056876182556,0.5004807114601135,1.0
1,0.5432539582252502,0.531528890132904,0.9720351696014404,1.0,0.9596773982048035,0.9595293998718262,0.2815427780151367,1.0
2,0.6230158805847168,0.6030890941619873,0.8894752860069275,1.0,0.9596773982048035,0.9595293998718262,0.2362319976091385,1.0
3,0.6503968238830566,0.6261956691741943,0.866338849067688,1.0,0.9650537371635437,0.9649574756622314,0.24267873167991638,1.0
4,0.6730158925056458,0.6477659344673157,0.8370077610015869,1.0,0.9731183052062988,0.9730744957923889,0.21591044962406158,1.0
5,0.6892856955528259,0.6649755835533142,0.8144257068634033,1.0,0.9677419066429138,0.9676662087440491,0.2240625023841858,1.0
6,0.6984127163887024,0.6679016947746277,0.816679060459137,1.0,0.9677419066429138,0.9676662087440491,0.25788435339927673,1.0
7,0.7123016119003296,0.6764984130859375,0.800338089466095,1.0,0.9462365508079529,0.945884644985199,0.28019505739212036,1.0
