epoch,categorical_accuracy,f1_score,loss,top_k_categorical_accuracy,val_categorical_accuracy,val_f1_score,val_loss,val_top_k_categorical_accuracy
0,0.5551587343215942,0.5384655594825745,1.0384875535964966,1.0,0.8575268983840942,0.8467276096343994,0.37946414947509766,1.0
1,0.690079391002655,0.6597498059272766,0.8452574014663696,1.0,0.9704301357269287,0.9703717827796936,0.239190936088562,1.0
2,0.7027778029441833,0.6740263104438782,0.8134641647338867,1.0,0.975806474685669,0.9757745265960693,0.2080511748790741,1.0
3,0.7158730030059814,0.6821348667144775,0.8008933663368225,1.0,0.9569892287254333,0.9568095207214355,0.2383424937725067,1.0
4,0.7246031761169434,0.6969563364982605,0.7833985686302185,1.0,0.9677419066429138,0.9676662087440491,0.21582280099391937,1.0
5,0.738095223903656,0.7026969790458679,0.7746370434761047,1.0,0.975806474685669,0.9757745265960693,0.2771902084350586,1.0
6,0.7365079522132874,0.6987590193748474,0.7841928005218506,1.0,0.9677419066429138,0.9676662087440491,0.2174428254365921,1.0
7,0.7623015642166138,0.7200811505317688,0.7450419664382935,1.0,0.9784946441650391,0.9784722328186035,0.1975383311510086,1.0
