{"0": {"precision": 0.4444444444444444, "recall": 1.0, "f1-score": 0.6153846153846153, "support": 4.0}, "1": {"precision": 0.0, "recall": 0.0, "f1-score": 0.0, "support": 4.0}, "2": {"precision": 0.6666666666666666, "recall": 0.5, "f1-score": 0.5714285714285715, "support": 4.0}, "accuracy": 0.5, "macro avg": {"precision": 0.3703703703703704, "recall": 0.5, "f1-score": 0.3956043956043956, "support": 12.0}, "weighted avg": {"precision": 0.3703703703703704, "recall": 0.5, "f1-score": 0.3956043956043956, "support": 12.0}}