{"0": {"precision": 0.5, "recall": 1.0, "f1-score": 0.6666666666666666, "support": 1.0}, "1": {"precision": 0.0, "recall": 0.0, "f1-score": 0.0, "support": 1.0}, "2": {"precision": 1.0, "recall": 1.0, "f1-score": 1.0, "support": 1.0}, "accuracy": 0.6666666666666666, "macro avg": {"precision": 0.5, "recall": 0.6666666666666666, "f1-score": 0.5555555555555555, "support": 3.0}, "weighted avg": {"precision": 0.5, "recall": 0.6666666666666666, "f1-score": 0.5555555555555555, "support": 3.0}}