{"0": {"precision": 0.4, "recall": 0.5, "f1-score": 0.4444444444444445, "support": 4.0}, "1": {"precision": 0.0, "recall": 0.0, "f1-score": 0.0, "support": 4.0}, "2": {"precision": 0.0, "recall": 0.0, "f1-score": 0.0, "support": 4.0}, "accuracy": 0.16666666666666666, "macro avg": {"precision": 0.13333333333333333, "recall": 0.16666666666666666, "f1-score": 0.14814814814814817, "support": 12.0}, "weighted avg": {"precision": 0.13333333333333333, "recall": 0.16666666666666666, "f1-score": 0.14814814814814817, "support": 12.0}}