{"0": {"precision": 0.3333333333333333, "recall": 0.5, "f1-score": 0.4, "support": 4.0}, "1": {"precision": 0.0, "recall": 0.0, "f1-score": 0.0, "support": 4.0}, "2": {"precision": 0.0, "recall": 0.0, "f1-score": 0.0, "support": 4.0}, "accuracy": 0.16666666666666666, "macro avg": {"precision": 0.1111111111111111, "recall": 0.16666666666666666, "f1-score": 0.13333333333333333, "support": 12.0}, "weighted avg": {"precision": 0.1111111111111111, "recall": 0.16666666666666666, "f1-score": 0.13333333333333333, "support": 12.0}}