{"0": {"precision": 0.6666666666666666, "recall": 1.0, "f1-score": 0.8, "support": 4.0}, "1": {"precision": 0.5, "recall": 0.5, "f1-score": 0.5, "support": 4.0}, "2": {"precision": 0.5, "recall": 0.25, "f1-score": 0.3333333333333333, "support": 4.0}, "accuracy": 0.5833333333333334, "macro avg": {"precision": 0.5555555555555555, "recall": 0.5833333333333334, "f1-score": 0.5444444444444444, "support": 12.0}, "weighted avg": {"precision": 0.5555555555555555, "recall": 0.5833333333333334, "f1-score": 0.5444444444444444, "support": 12.0}}