{"0": {"precision": 0.2857142857142857, "recall": 0.5, "f1-score": 0.36363636363636365, "support": 4.0}, "1": {"precision": 0.0, "recall": 0.0, "f1-score": 0.0, "support": 4.0}, "2": {"precision": 0.0, "recall": 0.0, "f1-score": 0.0, "support": 4.0}, "accuracy": 0.16666666666666666, "macro avg": {"precision": 0.09523809523809523, "recall": 0.16666666666666666, "f1-score": 0.12121212121212122, "support": 12.0}, "weighted avg": {"precision": 0.09523809523809523, "recall": 0.16666666666666666, "f1-score": 0.12121212121212122, "support": 12.0}}