{"0": {"precision": 1.0, "recall": 1.0, "f1-score": 1.0, "support": 4.0}, "1": {"precision": 0.8, "recall": 1.0, "f1-score": 0.888888888888889, "support": 4.0}, "2": {"precision": 1.0, "recall": 0.75, "f1-score": 0.8571428571428571, "support": 4.0}, "accuracy": 0.9166666666666666, "macro avg": {"precision": 0.9333333333333332, "recall": 0.9166666666666666, "f1-score": 0.9153439153439153, "support": 12.0}, "weighted avg": {"precision": 0.9333333333333332, "recall": 0.9166666666666666, "f1-score": 0.9153439153439153, "support": 12.0}}