{"0": {"precision": 0.5, "recall": 1.0, "f1-score": 0.6666666666666666, "support": 4.0}, "1": {"precision": 1.0, "recall": 0.25, "f1-score": 0.4, "support": 4.0}, "2": {"precision": 0.0, "recall": 0.0, "f1-score": 0.0, "support": 4.0}, "accuracy": 0.4166666666666667, "macro avg": {"precision": 0.5, "recall": 0.4166666666666667, "f1-score": 0.35555555555555557, "support": 12.0}, "weighted avg": {"precision": 0.5, "recall": 0.4166666666666667, "f1-score": 0.35555555555555557, "support": 12.0}}