{"0": {"precision": 0.16666666666666666, "recall": 0.25, "f1-score": 0.2, "support": 4.0}, "1": {"precision": 0.0, "recall": 0.0, "f1-score": 0.0, "support": 4.0}, "2": {"precision": 0.0, "recall": 0.0, "f1-score": 0.0, "support": 4.0}, "accuracy": 0.08333333333333333, "macro avg": {"precision": 0.05555555555555555, "recall": 0.08333333333333333, "f1-score": 0.06666666666666667, "support": 12.0}, "weighted avg": {"precision": 0.05555555555555555, "recall": 0.08333333333333333, "f1-score": 0.06666666666666667, "support": 12.0}}