{"0": {"precision": 0.5, "recall": 1.0, "f1-score": 0.6666666666666666, "support": 4.0}, "1": {"precision": 1.0, "recall": 0.25, "f1-score": 0.4, "support": 4.0}, "2": {"precision": 0.6666666666666666, "recall": 0.5, "f1-score": 0.5714285714285715, "support": 4.0}, "accuracy": 0.5833333333333334, "macro avg": {"precision": 0.7222222222222222, "recall": 0.5833333333333334, "f1-score": 0.546031746031746, "support": 12.0}, "weighted avg": {"precision": 0.7222222222222222, "recall": 0.5833333333333334, "f1-score": 0.546031746031746, "support": 12.0}}