{"0": {"precision": 0.4444444444444444, "recall": 1.0, "f1-score": 0.6153846153846153, "support": 4.0}, "1": {"precision": 1.0, "recall": 0.25, "f1-score": 0.4, "support": 4.0}, "2": {"precision": 0.5, "recall": 0.25, "f1-score": 0.3333333333333333, "support": 4.0}, "accuracy": 0.5, "macro avg": {"precision": 0.6481481481481481, "recall": 0.5, "f1-score": 0.44957264957264953, "support": 12.0}, "weighted avg": {"precision": 0.6481481481481481, "recall": 0.5, "f1-score": 0.44957264957264953, "support": 12.0}}