{"0": {"precision": 0.6, "recall": 0.75, "f1-score": 0.6666666666666665, "support": 4.0}, "1": {"precision": 0.5, "recall": 0.5, "f1-score": 0.5, "support": 4.0}, "2": {"precision": 0.3333333333333333, "recall": 0.25, "f1-score": 0.28571428571428575, "support": 4.0}, "accuracy": 0.5, "macro avg": {"precision": 0.4777777777777778, "recall": 0.5, "f1-score": 0.48412698412698413, "support": 12.0}, "weighted avg": {"precision": 0.4777777777777778, "recall": 0.5, "f1-score": 0.48412698412698413, "support": 12.0}}