epoch,categorical_accuracy,f1_score,loss,top_k_categorical_accuracy,val_categorical_accuracy,val_f1_score,val_loss,val_top_k_categorical_accuracy
0,0.01666666753590107,0.04343422129750252,1.2283108234405518,1.0,0.4032258093357086,0.35481762886047363,1.0760502815246582,1.0
1,0.008333333767950535,0.034093018621206284,1.1694998741149902,1.0,0.4838709533214569,0.42242327332496643,1.076979160308838,1.0
2,0.009126984514296055,0.027788547798991203,1.1373172998428345,1.0,0.6639785170555115,0.5524837374687195,1.0823819637298584,1.0
3,0.012301587499678135,0.0313703753054142,1.1234649419784546,1.0,0.6639785170555115,0.5342833995819092,1.0878000259399414,1.0
4,0.01785714365541935,0.037296514958143234,1.115594506263733,1.0,0.6639785170555115,0.535747766494751,1.0903329849243164,1.0
5,0.0317460335791111,0.051939383149147034,1.1111955642700195,1.0,0.6532257795333862,0.5236214995384216,1.0924160480499268,1.0
6,0.03888889029622078,0.059703271836042404,1.1087218523025513,1.0,0.6666666865348816,0.5526800155639648,1.0933645963668823,1.0
7,0.06388889253139496,0.0859377309679985,1.1061865091323853,1.0,0.6666666865348816,0.5555555820465088,1.0937861204147339,1.0
