{"0": {"precision": 0.4, "recall": 1.0, "f1-score": 0.5714285714285715, "support": 4.0}, "1": {"precision": 0.0, "recall": 0.0, "f1-score": 0.0, "support": 4.0}, "2": {"precision": 0.0, "recall": 0.0, "f1-score": 0.0, "support": 4.0}, "accuracy": 0.3333333333333333, "macro avg": {"precision": 0.13333333333333333, "recall": 0.3333333333333333, "f1-score": 0.1904761904761905, "support": 12.0}, "weighted avg": {"precision": 0.13333333333333333, "recall": 0.3333333333333333, "f1-score": 0.1904761904761905, "support": 12.0}}