epoch,categorical_accuracy,f1_score,loss,top_k_categorical_accuracy,val_categorical_accuracy,val_f1_score,val_loss,val_top_k_categorical_accuracy
0,0.40833333134651184,0.39895471930503845,1.087003469467163,1.0,0.5349462628364563,0.5100090503692627,1.0297014713287354,1.0
1,0.516269862651825,0.4995700418949127,1.0516865253448486,1.0,0.7365591526031494,0.6838009357452393,0.9179210066795349,1.0
2,0.6126984357833862,0.5783385634422302,1.004451036453247,1.0,0.8145161271095276,0.7956913113594055,0.7729193568229675,1.0
3,0.6571428775787354,0.6244309544563293,0.9361350536346436,1.0,0.897849440574646,0.8923199772834778,0.5950661301612854,1.0
4,0.6996031999588013,0.6551563739776611,0.875620424747467,1.0,0.9811828136444092,0.9811677932739258,0.4030693769454956,1.0
5,0.6940476298332214,0.6559491753578186,0.8353388905525208,1.0,0.9650537371635437,0.9649574756622314,0.306164413690567,1.0
6,0.7130952477455139,0.6736392974853516,0.809317946434021,1.0,0.9704301357269287,0.9703717827796936,0.24220165610313416,1.0
7,0.7230158448219299,0.6781595349311829,0.7903384566307068,1.0,0.9569892287254333,0.9568095207214355,0.22822338342666626,1.0
