{"0": {"precision": 0.0, "recall": 0.0, "f1-score": 0.0, "support": 4.0}, "1": {"precision": 0.0, "recall": 0.0, "f1-score": 0.0, "support": 4.0}, "2": {"precision": 0.2, "recall": 0.5, "f1-score": 0.28571428571428575, "support": 4.0}, "accuracy": 0.16666666666666666, "macro avg": {"precision": 0.06666666666666667, "recall": 0.16666666666666666, "f1-score": 0.09523809523809525, "support": 12.0}, "weighted avg": {"precision": 0.06666666666666667, "recall": 0.16666666666666666, "f1-score": 0.09523809523809525, "support": 12.0}}