{"0": {"precision": 0.4444444444444444, "recall": 1.0, "f1-score": 0.6153846153846153, "support": 4.0}, "1": {"precision": 0.0, "recall": 0.0, "f1-score": 0.0, "support": 4.0}, "2": {"precision": 0.0, "recall": 0.0, "f1-score": 0.0, "support": 4.0}, "accuracy": 0.3333333333333333, "macro avg": {"precision": 0.14814814814814814, "recall": 0.3333333333333333, "f1-score": 0.2051282051282051, "support": 12.0}, "weighted avg": {"precision": 0.14814814814814814, "recall": 0.3333333333333333, "f1-score": 0.2051282051282051, "support": 12.0}}