{"0": {"precision": 0.6666666666666666, "recall": 1.0, "f1-score": 0.8, "support": 4.0}, "1": {"precision": 0.6666666666666666, "recall": 0.5, "f1-score": 0.5714285714285715, "support": 4.0}, "2": {"precision": 1.0, "recall": 0.75, "f1-score": 0.8571428571428571, "support": 4.0}, "accuracy": 0.75, "macro avg": {"precision": 0.7777777777777777, "recall": 0.75, "f1-score": 0.7428571428571429, "support": 12.0}, "weighted avg": {"precision": 0.7777777777777777, "recall": 0.75, "f1-score": 0.7428571428571429, "support": 12.0}}