{"0": {"precision": 0.6666666666666666, "recall": 1.0, "f1-score": 0.8, "support": 4.0}, "1": {"precision": 0.6, "recall": 0.75, "f1-score": 0.6666666666666665, "support": 4.0}, "2": {"precision": 1.0, "recall": 0.25, "f1-score": 0.4, "support": 4.0}, "accuracy": 0.6666666666666666, "macro avg": {"precision": 0.7555555555555555, "recall": 0.6666666666666666, "f1-score": 0.6222222222222222, "support": 12.0}, "weighted avg": {"precision": 0.7555555555555555, "recall": 0.6666666666666666, "f1-score": 0.6222222222222222, "support": 12.0}}