{"0": {"precision": 0.6666666666666666, "recall": 1.0, "f1-score": 0.8, "support": 4.0}, "1": {"precision": 0.75, "recall": 0.75, "f1-score": 0.75, "support": 4.0}, "2": {"precision": 1.0, "recall": 0.5, "f1-score": 0.6666666666666666, "support": 4.0}, "accuracy": 0.75, "macro avg": {"precision": 0.8055555555555555, "recall": 0.75, "f1-score": 0.7388888888888889, "support": 12.0}, "weighted avg": {"precision": 0.8055555555555555, "recall": 0.75, "f1-score": 0.7388888888888889, "support": 12.0}}