epoch,categorical_accuracy,f1_score,loss,top_k_categorical_accuracy,val_categorical_accuracy,val_f1_score,val_loss,val_top_k_categorical_accuracy
0,0.02301587350666523,0.052194271236658096,1.207144021987915,1.0,0.44354838132858276,0.42765435576438904,1.070690393447876,1.0
1,0.02777777798473835,0.05458807572722435,1.1536741256713867,1.0,0.6720430254936218,0.6261072158813477,1.0640311241149902,1.0
2,0.03849206492304802,0.06201232597231865,1.12655770778656,1.0,0.6774193644523621,0.5824304223060608,1.0662599802017212,1.0
3,0.06309524178504944,0.0853193998336792,1.112466812133789,1.0,0.7096773982048035,0.6240363121032715,1.0669759511947632,1.0
4,0.0992063507437706,0.12171363085508347,1.1061476469039917,1.0,0.6935483813285828,0.5964351296424866,1.0669970512390137,1.0
5,0.10873015969991684,0.13476717472076416,1.1027135848999023,1.0,0.6962365508079529,0.6080750823020935,1.0644925832748413,1.0
6,0.14920635521411896,0.16870994865894318,1.0993157625198364,1.0,0.6774193644523621,0.5621032118797302,1.063171148300171,1.0
7,0.18611110746860504,0.2055424302816391,1.0962458848953247,1.0,0.7069892287254333,0.6233938336372375,1.0576575994491577,1.0
