{"0": {"precision": 0.5, "recall": 0.5, "f1-score": 0.5, "support": 4.0}, "1": {"precision": 0.0, "recall": 0.0, "f1-score": 0.0, "support": 4.0}, "2": {"precision": 0.14285714285714285, "recall": 0.25, "f1-score": 0.18181818181818182, "support": 4.0}, "accuracy": 0.25, "macro avg": {"precision": 0.21428571428571427, "recall": 0.25, "f1-score": 0.2272727272727273, "support": 12.0}, "weighted avg": {"precision": 0.21428571428571427, "recall": 0.25, "f1-score": 0.2272727272727273, "support": 12.0}}