{"0": {"precision": 0.3333333333333333, "recall": 0.25, "f1-score": 0.28571428571428575, "support": 4.0}, "1": {"precision": 0.0, "recall": 0.0, "f1-score": 0.0, "support": 4.0}, "2": {"precision": 0.125, "recall": 0.25, "f1-score": 0.16666666666666666, "support": 4.0}, "accuracy": 0.16666666666666666, "macro avg": {"precision": 0.15277777777777776, "recall": 0.16666666666666666, "f1-score": 0.1507936507936508, "support": 12.0}, "weighted avg": {"precision": 0.15277777777777776, "recall": 0.16666666666666666, "f1-score": 0.1507936507936508, "support": 12.0}}