epoch,categorical_accuracy,f1_score,loss,val_categorical_accuracy,val_f1_score,val_loss
0,0.03452381119132042,0.062140535563230515,1.1862508058547974,NA,NA,NA
1,0.02380952425301075,0.04793296754360199,1.1446824073791504,NA,NA,NA
2,0.02817460335791111,0.05021054670214653,1.12545907497406,NA,NA,NA
3,0.05714285746216774,0.07904449105262756,1.115897536277771,NA,NA,NA
4,0.08452381193637848,0.10115018486976624,1.1102235317230225,NA,NA,NA
5,0.11587301641702652,0.12822794914245605,1.1071419715881348,NA,NA,NA
6,0.13968254625797272,0.15297240018844604,1.1053909063339233,NA,NA,NA
7,0.17103174328804016,0.17635202407836914,1.1037274599075317,NA,NA,NA
