epoch,categorical_accuracy,f1_score,loss,val_categorical_accuracy,val_f1_score,val_loss
0,0.6107142567634583,0.5928657054901123,1.0051405429840088,NA,NA,NA
1,0.72817462682724,0.7046830058097839,0.7737987041473389,NA,NA,NA
2,0.7440476417541504,0.7184083461761475,0.7520941495895386,NA,NA,NA
3,0.7599206566810608,0.7310368418693542,0.7178581953048706,NA,NA,NA
4,0.7599206566810608,0.7358689904212952,0.6966357231140137,NA,NA,NA
5,0.7531746029853821,0.7293016314506531,0.7017112374305725,NA,NA,NA
