epoch,categorical_accuracy,f1_score,loss,val_categorical_accuracy,val_f1_score,val_loss
0,0.494047611951828,0.4900634288787842,1.1476688385009766,NA,NA,NA
1,0.6861110925674438,0.6707118153572083,0.8523173928260803,NA,NA,NA
2,0.7099206447601318,0.6938241124153137,0.8067270517349243,NA,NA,NA
3,0.72817462682724,0.706965446472168,0.7841741442680359,NA,NA,NA
4,0.7321428656578064,0.7108363509178162,0.7366042137145996,NA,NA,NA
5,0.7448412775993347,0.718302309513092,0.7394081354141235,NA,NA,NA
