epoch,categorical_accuracy,f1_score,loss,val_categorical_accuracy,val_f1_score,val_loss
0,0.6261904835700989,0.6000819802284241,0.998582124710083,0.9166666865348816,0.9153439402580261,0.2840498983860016
1,0.7055555582046509,0.6744379997253418,0.8301552534103394,0.9193548560142517,0.9161874651908875,0.3253587484359741
2,0.7230158448219299,0.6949298977851868,0.7991724610328674,0.9731183052062988,0.9730744957923889,0.25293347239494324
3,0.745634913444519,0.7114294171333313,0.7658296227455139,0.975806474685669,0.9757745265960693,0.22369897365570068
4,0.7599206566810608,0.721224308013916,0.7537786364555359,1.0,1.0,0.2102208286523819
5,0.7527777552604675,0.7151535153388977,0.7631319761276245,0.9112903475761414,0.9091336131095886,0.3284863233566284
6,0.7686507701873779,0.7294186949729919,0.7247695922851562,0.9301075339317322,0.9282112717628479,0.36077848076820374
7,0.7626984119415283,0.7260702252388,0.7257840037345886,0.9274193644523621,0.9275062680244446,0.34363797307014465
