{"0": {"precision": 0.5714285714285714, "recall": 1.0, "f1-score": 0.7272727272727273, "support": 4.0}, "1": {"precision": 1.0, "recall": 0.5, "f1-score": 0.6666666666666666, "support": 4.0}, "2": {"precision": 0.6666666666666666, "recall": 0.5, "f1-score": 0.5714285714285715, "support": 4.0}, "accuracy": 0.6666666666666666, "macro avg": {"precision": 0.746031746031746, "recall": 0.6666666666666666, "f1-score": 0.6551226551226552, "support": 12.0}, "weighted avg": {"precision": 0.746031746031746, "recall": 0.6666666666666666, "f1-score": 0.6551226551226552, "support": 12.0}}