epoch,categorical_accuracy,f1_score,loss,val_categorical_accuracy,val_f1_score,val_loss
0,0.03888889029622078,0.06381150335073471,1.1903260946273804,NA,NA,NA
1,0.02142857201397419,0.047129273414611816,1.1475721597671509,NA,NA,NA
2,0.03888889029622078,0.05888645723462105,1.125483512878418,NA,NA,NA
3,0.05039682611823082,0.07105449587106705,1.1156238317489624,NA,NA,NA
4,0.07579365372657776,0.09394484758377075,1.1101652383804321,NA,NA,NA
5,0.11666666716337204,0.12877267599105835,1.107176423072815,NA,NA,NA
6,0.13452380895614624,0.15058593451976776,1.1050869226455688,NA,NA,NA
7,0.16587302088737488,0.17473308742046356,1.1037569046020508,NA,NA,NA
