{"0": {"precision": 0.4, "recall": 0.5, "f1-score": 0.4444444444444445, "support": 4.0}, "1": {"precision": 0.5, "recall": 0.5, "f1-score": 0.5, "support": 4.0}, "2": {"precision": 0.3333333333333333, "recall": 0.25, "f1-score": 0.28571428571428575, "support": 4.0}, "accuracy": 0.4166666666666667, "macro avg": {"precision": 0.41111111111111115, "recall": 0.4166666666666667, "f1-score": 0.41005291005291006, "support": 12.0}, "weighted avg": {"precision": 0.41111111111111115, "recall": 0.4166666666666667, "f1-score": 0.41005291005291006, "support": 12.0}}