{"0": {"precision": 0.2, "recall": 0.25, "f1-score": 0.22222222222222224, "support": 4.0}, "1": {"precision": 0.3333333333333333, "recall": 0.25, "f1-score": 0.28571428571428575, "support": 4.0}, "2": {"precision": 0.25, "recall": 0.25, "f1-score": 0.25, "support": 4.0}, "accuracy": 0.25, "macro avg": {"precision": 0.2611111111111111, "recall": 0.25, "f1-score": 0.2526455026455027, "support": 12.0}, "weighted avg": {"precision": 0.2611111111111111, "recall": 0.25, "f1-score": 0.2526455026455027, "support": 12.0}}