epoch,categorical_accuracy,f1_score,loss,val_categorical_accuracy,val_f1_score,val_loss
0,0.02976190485060215,0.056420501321554184,1.2048799991607666,NA,NA,NA
1,0.013492063619196415,0.0342739000916481,1.1520192623138428,NA,NA,NA
2,0.01785714365541935,0.03845391795039177,1.127294659614563,NA,NA,NA
3,0.0476190485060215,0.06400297582149506,1.1160249710083008,NA,NA,NA
4,0.0773809552192688,0.09282052516937256,1.110229730606079,NA,NA,NA
5,0.115079365670681,0.12653516232967377,1.1068861484527588,NA,NA,NA
6,0.13571429252624512,0.14873795211315155,1.1053836345672607,NA,NA,NA
7,0.1607142835855484,0.17133933305740356,1.1036592721939087,NA,NA,NA
