epoch,categorical_accuracy,f1_score,loss,top_k_categorical_accuracy,val_categorical_accuracy,val_f1_score,val_loss,val_top_k_categorical_accuracy
0,0.5230158567428589,0.511850893497467,1.0934025049209595,1.0,0.948924720287323,0.9486231803894043,0.3150794804096222,1.0
1,0.6563491821289062,0.6283188462257385,0.8661048412322998,1.0,0.8817204236984253,0.8778762817382812,0.3141586184501648,1.0
2,0.6912698149681091,0.6614211201667786,0.8402708172798157,1.0,0.9543010592460632,0.9540853500366211,0.27158135175704956,1.0
3,0.6932539939880371,0.6609588265419006,0.8232172727584839,1.0,0.9596773982048035,0.9595293998718262,0.26103055477142334,1.0
4,0.711904764175415,0.6838371753692627,0.797369122505188,1.0,0.9811828136444092,0.9811677932739258,0.18866945803165436,1.0
5,0.7265872955322266,0.6927048563957214,0.7844147682189941,1.0,0.9327957034111023,0.9321057796478271,0.2654682993888855,1.0
6,0.7257936596870422,0.6894556879997253,0.7984514236450195,1.0,0.8844085931777954,0.8808258175849915,0.29962000250816345,1.0
7,0.7218254208564758,0.6910485625267029,0.7815627455711365,1.0,0.975806474685669,0.9757745265960693,0.23636257648468018,1.0
