epoch,categorical_accuracy,f1_score,loss,top_k_categorical_accuracy,val_categorical_accuracy,val_f1_score,val_loss,val_top_k_categorical_accuracy
0,0.39722222089767456,0.4000355303287506,1.218580961227417,1.0,0.9274193644523621,0.9250465035438538,0.40461206436157227,1.0
1,0.6119047403335571,0.5899097919464111,0.9070679545402527,1.0,0.9677419066429138,0.9676662087440491,0.2522626519203186,1.0
2,0.6686508059501648,0.6418930292129517,0.8585716485977173,1.0,0.9650537371635437,0.9647366404533386,0.2505023777484894,1.0
3,0.6650793552398682,0.6426162123680115,0.8515160083770752,1.0,0.975806474685669,0.9757745265960693,0.20378461480140686,1.0
4,0.6884920597076416,0.6585137844085693,0.8217863440513611,1.0,0.975806474685669,0.9757745265960693,0.20217715203762054,1.0
5,0.6904761791229248,0.6632214188575745,0.8248211741447449,1.0,0.9731183052062988,0.9730744957923889,0.23035305738449097,1.0
6,0.7099206447601318,0.6772753596305847,0.8021056652069092,1.0,0.9811828136444092,0.9811677932739258,0.1910332441329956,1.0
7,0.7265872955322266,0.6881143450737,0.799946665763855,1.0,0.9919354915618896,0.9919342994689941,0.17430543899536133,1.0
