epoch,categorical_accuracy,f1_score,loss,val_categorical_accuracy,val_f1_score,val_loss
0,0.4908730089664459,0.4876062870025635,1.1061911582946777,NA,NA,NA
1,0.682539701461792,0.6666877865791321,0.812606930732727,NA,NA,NA
2,0.7158730030059814,0.6951104998588562,0.7826696634292603,NA,NA,NA
3,0.7218254208564758,0.7061958312988281,0.7696998119354248,NA,NA,NA
4,0.726190447807312,0.7101184725761414,0.7521649599075317,NA,NA,NA
5,0.7404761910438538,0.7189946174621582,0.7293485403060913,NA,NA,NA
6,0.7515873312950134,0.7301392555236816,0.698101282119751,NA,NA,NA
7,0.7464285492897034,0.7264392375946045,0.6927079558372498,NA,NA,NA
