{"0": {"precision": 0.5, "recall": 1.0, "f1-score": 0.6666666666666666, "support": 4.0}, "1": {"precision": 0.5, "recall": 0.5, "f1-score": 0.5, "support": 4.0}, "2": {"precision": 0.0, "recall": 0.0, "f1-score": 0.0, "support": 4.0}, "accuracy": 0.5, "macro avg": {"precision": 0.3333333333333333, "recall": 0.5, "f1-score": 0.38888888888888884, "support": 12.0}, "weighted avg": {"precision": 0.3333333333333333, "recall": 0.5, "f1-score": 0.38888888888888884, "support": 12.0}}