epoch,categorical_accuracy,f1_score,loss,top_k_categorical_accuracy,val_categorical_accuracy,val_f1_score,val_loss,val_top_k_categorical_accuracy
0,0.01825396902859211,0.04836838319897652,1.2055158615112305,1.0,0.3494623601436615,0.3478386104106903,1.0942879915237427,1.0
1,0.015079365111887455,0.04194565489888191,1.1606990098953247,1.0,0.5349462628364563,0.5111572742462158,1.0845489501953125,1.0
2,0.014682539738714695,0.040128033608198166,1.13719642162323,1.0,0.4865591526031494,0.42554256319999695,1.089323878288269,1.0
3,0.01666666753590107,0.043675411492586136,1.125417709350586,1.0,0.551075279712677,0.49617019295692444,1.091040849685669,1.0
4,0.02301587350666523,0.04726220294833183,1.118001937866211,1.0,0.5349462628364563,0.42250457406044006,1.092956781387329,1.0
5,0.03293650969862938,0.0558047890663147,1.1137845516204834,1.0,0.5080645084381104,0.39634403586387634,1.094165325164795,1.0
6,0.0496031753718853,0.07276178151369095,1.1106295585632324,1.0,0.49193549156188965,0.3815474808216095,1.0951155424118042,1.0
7,0.05079365149140358,0.07754892855882645,1.1079654693603516,1.0,0.5833333134651184,0.4830408990383148,1.0954984426498413,1.0
