epoch,categorical_accuracy,f1_score,loss,top_k_categorical_accuracy,val_categorical_accuracy,val_f1_score,val_loss,val_top_k_categorical_accuracy
0,0.5277777910232544,0.513948917388916,1.0843628644943237,1.0,0.9569892287254333,0.9561880230903625,0.23560620844364166,1.0
1,0.6599206328392029,0.6329239010810852,0.857302725315094,1.0,1.0,1.0,0.16521981358528137,1.0
2,0.6932539939880371,0.6658594608306885,0.8224450349807739,1.0,0.9784946441650391,0.9784722328186035,0.1988753378391266,1.0
3,0.7011904716491699,0.6692869663238525,0.8076385259628296,1.0,1.0,1.0,0.15738371014595032,1.0
4,0.720634937286377,0.6880466341972351,0.7740036845207214,1.0,0.9838709831237793,0.9838614463806152,0.15786384046077728,1.0
5,0.7273809313774109,0.690373420715332,0.7748280167579651,1.0,0.9892473220825195,0.9892444610595703,0.17398568987846375,1.0
6,0.726190447807312,0.6915299892425537,0.7712231278419495,1.0,1.0,1.0,0.20937798917293549,1.0
7,0.7313492298126221,0.6922057271003723,0.7652454376220703,1.0,0.9919354915618896,0.9919342994689941,0.1864866465330124,1.0
