{"0": {"precision": 0.0, "recall": 0.0, "f1-score": 0.0, "support": 4.0}, "1": {"precision": 0.0, "recall": 0.0, "f1-score": 0.0, "support": 4.0}, "2": {"precision": 0.1111111111111111, "recall": 0.25, "f1-score": 0.15384615384615383, "support": 4.0}, "accuracy": 0.08333333333333333, "macro avg": {"precision": 0.037037037037037035, "recall": 0.08333333333333333, "f1-score": 0.05128205128205127, "support": 12.0}, "weighted avg": {"precision": 0.037037037037037035, "recall": 0.08333333333333333, "f1-score": 0.05128205128205127, "support": 12.0}}