{"0": {"precision": 0.6666666666666666, "recall": 0.5, "f1-score": 0.5714285714285715, "support": 4.0}, "1": {"precision": 0.0, "recall": 0.0, "f1-score": 0.0, "support": 4.0}, "2": {"precision": 0.0, "recall": 0.0, "f1-score": 0.0, "support": 4.0}, "accuracy": 0.16666666666666666, "macro avg": {"precision": 0.2222222222222222, "recall": 0.16666666666666666, "f1-score": 0.1904761904761905, "support": 12.0}, "weighted avg": {"precision": 0.2222222222222222, "recall": 0.16666666666666666, "f1-score": 0.1904761904761905, "support": 12.0}}