{"0": {"precision": 1.0, "recall": 1.0, "f1-score": 1.0, "support": 4.0}, "1": {"precision": 0.6666666666666666, "recall": 0.5, "f1-score": 0.5714285714285715, "support": 4.0}, "2": {"precision": 0.6, "recall": 0.75, "f1-score": 0.6666666666666665, "support": 4.0}, "accuracy": 0.75, "macro avg": {"precision": 0.7555555555555555, "recall": 0.75, "f1-score": 0.746031746031746, "support": 12.0}, "weighted avg": {"precision": 0.7555555555555555, "recall": 0.75, "f1-score": 0.746031746031746, "support": 12.0}}