{"0": {"precision": 0.75, "recall": 0.75, "f1-score": 0.75, "support": 4.0}, "1": {"precision": 0.0, "recall": 0.0, "f1-score": 0.0, "support": 4.0}, "2": {"precision": 0.2857142857142857, "recall": 0.5, "f1-score": 0.36363636363636365, "support": 4.0}, "accuracy": 0.4166666666666667, "macro avg": {"precision": 0.3452380952380952, "recall": 0.4166666666666667, "f1-score": 0.37121212121212127, "support": 12.0}, "weighted avg": {"precision": 0.3452380952380952, "recall": 0.4166666666666667, "f1-score": 0.37121212121212127, "support": 12.0}}