{"0": {"precision": 0.8, "recall": 1.0, "f1-score": 0.888888888888889, "support": 4.0}, "1": {"precision": 0.5, "recall": 0.25, "f1-score": 0.3333333333333333, "support": 4.0}, "2": {"precision": 0.4, "recall": 0.5, "f1-score": 0.4444444444444445, "support": 4.0}, "accuracy": 0.5833333333333334, "macro avg": {"precision": 0.5666666666666668, "recall": 0.5833333333333334, "f1-score": 0.5555555555555556, "support": 12.0}, "weighted avg": {"precision": 0.5666666666666668, "recall": 0.5833333333333334, "f1-score": 0.5555555555555556, "support": 12.0}}